run_id,seed,nodes_removed,lcc_size_ratio,global_efficiency_ratio
1,42,0,1.0,1.0
1,42,1,0.9997617913292044,0.9763936061913242
1,42,2,0.9995235826584088,0.9769778612008
1,42,3,0.9992853739876132,0.9858693351635754
1,42,4,0.9990471653168176,0.9888510156002543
1,42,5,0.9988089566460219,0.9679939341489758
1,42,6,0.9985707479752263,0.9907928587899626
1,42,7,0.9983325393044307,0.9758591708751992
1,42,8,0.9980943306336351,0.9796359692557141
1,42,9,0.9978561219628395,0.9674827374582731
1,42,10,0.9976179132920439,0.988059264069502
1,42,11,0.9973797046212483,0.9757196804909549
1,42,12,0.9971414959504526,0.9708550441184043
1,42,13,0.9969032872796569,0.9675725645543167
1,42,14,0.9966650786088613,0.9909681927685717
1,42,15,0.9964268699380657,0.9835875631166692
1,42,16,0.9961886612672701,0.9596775184929339
1,42,17,0.9959504525964745,0.9914068840019342
1,42,18,0.9957122439256789,0.9843968211335195
1,42,19,0.9954740352548833,0.9673575192333284
1,42,20,0.9952358265840877,0.9831489283144113
1,42,21,0.994997617913292,0.9796191330131772
1,42,22,0.9947594092424964,0.9785806546518299
1,42,23,0.9945212005717008,0.9806817130611212
1,42,24,0.9942829919009052,0.979014288797447
1,42,25,0.9940447832301096,0.9801244645033614
1,42,26,0.993806574559314,0.9792339810946797
1,42,27,0.9935683658885184,0.9756347202276566
1,42,28,0.9933301572177228,0.969607379379075
1,42,29,0.9930919485469271,0.9795888917315079
1,42,30,0.9928537398761315,0.9674162388649328
1,42,31,0.9926155312053359,0.9635190939316451
1,42,32,0.9923773225345403,0.9939405944618804
1,42,33,0.9921391138637446,0.9711344347785089
1,42,34,0.991900905192949,0.9915541110918087
1,42,35,0.9916626965221534,0.9787564698438662
1,42,36,0.9914244878513578,0.9671736682886173
1,42,37,0.9911862791805621,0.9614675216306958
1,42,38,0.9909480705097665,0.9785309123313997
1,42,39,0.9907098618389709,0.9820378095540432
1,42,40,0.9904716531681753,0.9591555569874994
1,42,41,0.9902334444973797,0.9636259575793078
1,42,42,0.9899952358265841,0.967026026665027
1,42,43,0.9897570271557885,0.9733835387736534
1,42,44,0.9895188184849929,0.9757000535874201
1,42,45,0.9892806098141972,0.9783253561263497
1,42,46,0.9890424011434016,0.982425060412659
1,42,47,0.988804192472606,0.9786776721458192
1,42,48,0.9885659838018104,0.9657710453512373
1,42,49,0.9883277751310148,0.9784374603669599
1,42,50,0.9880895664602192,0.9807298991166375
2,43,0,1.0,1.0
2,43,1,0.9997617913292044,0.9917237195886067
2,43,2,0.9995235826584088,1.011698535212493
2,43,3,0.9992853739876132,1.0145194383768281
2,43,4,0.9990471653168176,0.9918805583116899
2,43,5,0.9988089566460219,1.002125063755938
2,43,6,0.9985707479752263,0.996914647247197
2,43,7,0.9983325393044307,0.9959527776308393
2,43,8,0.9980943306336351,0.994251569671045
2,43,9,0.9978561219628395,0.996367683329587
2,43,10,0.9976179132920439,1.0063435173739321
2,43,11,0.9973797046212483,0.987515159933254
2,43,12,0.9971414959504526,0.9763676474397716
2,43,13,0.9969032872796569,0.9994516312657923
2,43,14,0.9966650786088613,0.9980776521957923
2,43,15,0.9964268699380657,0.9733350389091724
2,43,16,0.9961886612672701,0.9980281778202482
2,43,17,0.9959504525964745,0.9976008423731223
2,43,18,0.9957122439256789,0.9807821410265917
2,43,19,0.9954740352548833,0.9973136010263958
2,43,20,0.9952358265840877,0.9870478418591773
2,43,21,0.994997617913292,0.9878903262278559
2,43,22,0.9947594092424964,0.9925271996409692
2,43,23,0.9945212005717008,0.9912604371570705
2,43,24,0.9942829919009052,0.9922836899002438
2,43,25,0.9940447832301096,0.985044357848387
2,43,26,0.993806574559314,0.9924740775150088
2,43,27,0.9935683658885184,1.0046251233437344
2,43,28,0.9933301572177228,0.9950620080699062
2,43,29,0.9930919485469271,0.9857493823596021
2,43,30,0.9928537398761315,0.9840845780987308
2,43,31,0.9926155312053359,0.9959566782522205
2,43,32,0.9923773225345403,0.9977389291747623
2,43,33,0.9921391138637446,1.0024445745464141
2,43,34,0.991900905192949,0.9857854076513469
2,43,35,0.9916626965221534,0.9836487323826257
2,43,36,0.9914244878513578,0.9779426987489833
2,43,37,0.9911862791805621,0.9839631882753141
2,43,38,0.9909480705097665,1.0018945823370013
2,43,39,0.9907098618389709,0.971970398645975
2,43,40,0.9904716531681753,0.9804855175842553
2,43,41,0.9902334444973797,0.990102353803409
2,43,42,0.9899952358265841,0.9762754445087214
2,43,43,0.9897570271557885,0.9811105445810878
2,43,44,0.9895188184849929,0.9909194309324872
2,43,45,0.9892806098141972,1.0013756110738914
2,43,46,0.9890424011434016,0.9984671501800536
2,43,47,0.988804192472606,0.974043432967777
2,43,48,0.9885659838018104,1.0021250792023606
2,43,49,0.9883277751310148,0.9978154992321342
2,43,50,0.9880895664602192,0.9909690158331723
3,44,0,1.0,1.0
3,44,1,0.9997617913292044,1.02457292175385
3,44,2,0.9995235826584088,1.0284986014785018
3,44,3,0.9992853739876132,1.002617536291248
3,44,4,0.9990471653168176,1.0252042453176933
3,44,5,0.9988089566460219,1.0122008667153288
3,44,6,0.9985707479752263,1.0077119385270954
3,44,7,0.9983325393044307,1.0027917389553638
3,44,8,0.9980943306336351,1.0147346091766503
3,44,9,0.9978561219628395,1.0141153548075623
3,44,10,0.9976179132920439,0.9930068004313897
3,44,11,0.9973797046212483,1.0009297535304225
3,44,12,0.9971414959504526,1.0256793187925837
3,44,13,0.9969032872796569,1.015696146832117
3,44,14,0.9966650786088613,0.9855254356039622
3,44,15,0.9964268699380657,1.0079187519386161
3,44,16,0.9961886612672701,1.0170533441350882
3,44,17,0.9959504525964745,0.9955267248257795
3,44,18,0.9957122439256789,1.0057560085395734
3,44,19,0.9954740352548833,1.0042437819933343
3,44,20,0.9952358265840877,0.9957358950186337
3,44,21,0.994997617913292,1.0226435231941753
3,44,22,0.9947594092424964,1.002878847028631
3,44,23,0.9945212005717008,1.0158076044309747
3,44,24,0.9942829919009052,1.0038919889427649
3,44,25,0.9940447832301096,1.0079966099476383
3,44,26,0.993806574559314,0.9931988231949777
3,44,27,0.9935683658885184,0.9960551832199662
3,44,28,0.9933301572177228,0.9986360706346187
3,44,29,0.9930919485469271,0.9951302359602303
3,44,30,0.9928537398761315,1.0240954918711358
3,44,31,0.9926155312053359,0.9922067984793593
3,44,32,0.9923773225345403,1.0065722593117297
3,44,33,0.9921391138637446,1.0012700247406074
3,44,34,0.991900905192949,1.0132787926018716
3,44,35,0.9916626965221534,0.9932538826794926
3,44,36,0.9914244878513578,1.001768620917944
3,44,37,0.9911862791805621,1.0266339024763997
3,44,38,0.9909480705097665,1.0033178732607426
3,44,39,0.9907098618389709,0.9874666397195463
3,44,40,0.9904716531681753,1.001859138270577
3,44,41,0.9902334444973797,0.9976097881021857
3,44,42,0.9899952358265841,1.0061952710568707
3,44,43,0.9897570271557885,1.0005081683668866
3,44,44,0.9895188184849929,1.0085511333810246
3,44,45,0.9892806098141972,0.9934326480064889
3,44,46,0.9890424011434016,0.9990338084395382
3,44,47,0.988804192472606,1.0084459962604735
3,44,48,0.9885659838018104,1.0120345506233035
3,44,49,0.9883277751310148,0.9937410767841379
3,44,50,0.9880895664602192,1.0010315495918323
4,45,0,1.0,1.0
4,45,1,0.9997617913292044,0.9994964125250014
4,45,2,0.9995235826584088,0.9899981516693867
4,45,3,0.9992853739876132,0.9959328419780606
4,45,4,0.9990471653168176,0.9930789387434948
4,45,5,0.9988089566460219,0.9986052323309633
4,45,6,0.9985707479752263,0.9909601693483974
4,45,7,0.9983325393044307,0.991629895385173
4,45,8,0.9980943306336351,1.006660104635866
4,45,9,0.9978561219628395,0.9817667806008812
4,45,10,0.9976179132920439,0.9691606612471831
4,45,11,0.9973797046212483,0.9944132151482551
4,45,12,0.9971414959504526,0.9963015445417449
4,45,13,0.9969032872796569,0.965628411106259
4,45,14,0.9966650786088613,0.9950293248875458
4,45,15,0.9964268699380657,0.9886696225713566
4,45,16,0.9961886612672701,0.9735185761535374
4,45,17,0.9959504525964745,0.9807089450298179
4,45,18,0.9957122439256789,0.9819127089048377
4,45,19,0.9954740352548833,0.9881962154982236
4,45,20,0.9952358265840877,1.0015843078976412
4,45,21,0.994997617913292,0.9796695188617089
4,45,22,0.9947594092424964,0.9939272170951331
4,45,23,0.9945212005717008,0.978642847640068
4,45,24,0.9942829919009052,0.9848631575435948
4,45,25,0.9940447832301096,0.9693883078570075
4,45,26,0.993806574559314,0.9888698334352787
4,45,27,0.9935683658885184,0.9876025812142024
4,45,28,0.9933301572177228,0.9674994802809492
4,45,29,0.9930919485469271,0.9807365121758888
4,45,30,0.9928537398761315,0.9787005615362823
4,45,31,0.9926155312053359,0.9896787021508577
4,45,32,0.9923773225345403,0.9967811133200792
4,45,33,0.9921391138637446,0.9874707771754486
4,45,34,0.991900905192949,0.9915256144329353
4,45,35,0.9916626965221534,0.9664439253314768
4,45,36,0.9914244878513578,0.991781502932248
4,45,37,0.9911862791805621,0.9765537092474966
4,45,38,0.9909480705097665,0.9750448306115564
4,45,39,0.9907098618389709,0.9842856492553379
4,45,40,0.9904716531681753,0.9778469599793272
4,45,41,0.9902334444973797,0.9764878830778432
4,45,42,0.9899952358265841,0.9922156763973833
4,45,43,0.9897570271557885,0.9817382047085621
4,45,44,0.9895188184849929,0.9834403230531813
4,45,45,0.9892806098141972,0.9714051717745922
4,45,46,0.9890424011434016,0.9835251874155004
4,45,47,0.988804192472606,0.9930633236843345
4,45,48,0.9885659838018104,0.975410591555944
4,45,49,0.9883277751310148,0.9819879654894608
4,45,50,0.9880895664602192,0.9881727531187845
5,46,0,1.0,1.0
5,46,1,0.9997617913292044,0.9910542339207921
5,46,2,0.9995235826584088,0.998041691006803
5,46,3,0.9992853739876132,0.9972322275781773
5,46,4,0.9990471653168176,1.0029943867485533
5,46,5,0.9988089566460219,0.9893477909993431
5,46,6,0.9985707479752263,0.9929651712472247
5,46,7,0.9983325393044307,0.9964491879317291
5,46,8,0.9980943306336351,0.9833206683205505
5,46,9,0.9978561219628395,0.9753637029841818
5,46,10,0.9976179132920439,0.9920236284341404
5,46,11,0.9973797046212483,0.9832773969841925
5,46,12,0.9971414959504526,0.9591160256020309
5,46,13,0.9969032872796569,0.9906788920311193
5,46,14,0.9966650786088613,0.9918055699508959
5,46,15,0.9964268699380657,0.9669789188517839
5,46,16,0.9961886612672701,0.9829505827560264
5,46,17,0.9959504525964745,0.9764251247625535
5,46,18,0.9957122439256789,0.9870397646108168
5,46,19,0.9954740352548833,0.9998864945342579
5,46,20,0.9952358265840877,0.9843669206805554
5,46,21,0.994997617913292,0.986911282994589
5,46,22,0.9947594092424964,0.9833988457316158
5,46,23,0.9945212005717008,0.9835480640724767
5,46,24,0.9942829919009052,0.9721279608881611
5,46,25,0.9940447832301096,0.9794925566293863
5,46,26,0.993806574559314,0.9810523933347731
5,46,27,0.9935683658885184,0.9617440345324302
5,46,28,0.9933301572177228,0.9866422587122823
5,46,29,0.9930919485469271,0.9808451005929472
5,46,30,0.9928537398761315,0.9797863854015209
5,46,31,0.9926155312053359,0.9890129703671284
5,46,32,0.9923773225345403,0.9822236979804833
5,46,33,0.9921391138637446,0.9844155999826518
5,46,34,0.991900905192949,0.9829904850937139
5,46,35,0.9916626965221534,0.9878821949189206
5,46,36,0.9914244878513578,0.9703287196915605
5,46,37,0.9911862791805621,0.9780905264774388
5,46,38,0.9909480705097665,0.9640106854150581
5,46,39,0.9907098618389709,0.9849169483801631
5,46,40,0.9904716531681753,0.9795261133509358
5,46,41,0.9902334444973797,0.9771085685811083
5,46,42,0.9899952358265841,0.9813018309446219
5,46,43,0.9897570271557885,0.9732934748500819
5,46,44,0.9895188184849929,0.9747061351444665
5,46,45,0.9892806098141972,0.9892131140101866
5,46,46,0.9890424011434016,0.9862603385768532
5,46,47,0.988804192472606,0.9754403484682171
5,46,48,0.9885659838018104,0.9751555229688063
5,46,49,0.9883277751310148,0.9848581204354843
5,46,50,0.9880895664602192,0.9766924083017731
6,47,0,1.0,1.0
6,47,1,0.9997617913292044,1.011494108990711
6,47,2,0.9995235826584088,1.003567885575289
6,47,3,0.9992853739876132,1.0121106753745226
6,47,4,0.9990471653168176,1.0051544219958013
6,47,5,0.9988089566460219,1.0020286432961698
6,47,6,0.9985707479752263,0.9984113278640063
6,47,7,0.9983325393044307,0.9998867314458924
6,47,8,0.9980943306336351,0.9728309384700069
6,47,9,0.9978561219628395,1.0051357088161748
6,47,10,0.9976179132920439,1.0089920389621523
6,47,11,0.9973797046212483,0.977713638735603
6,47,12,0.9971414959504526,0.9991577340944094
6,47,13,0.9969032872796569,1.0050688423593013
6,47,14,0.9966650786088613,0.989751268157613
6,47,15,0.9964268699380657,0.9844953902141453
6,47,16,0.9961886612672701,0.9897688577608236
6,47,17,0.9959504525964745,0.9982986361773114
6,47,18,0.9957122439256789,1.0122995689773167
6,47,19,0.9954740352548833,0.9897095097180101
6,47,20,0.9952358265840877,0.9941445672159106
6,47,21,0.994997617913292,0.9927687089029579
6,47,22,0.9947594092424964,0.9984570222128901
6,47,23,0.9945212005717008,0.9890967735753666
6,47,24,0.9942829919009052,1.0056675234537842
6,47,25,0.9940447832301096,1.0009179872542389
6,47,26,0.993806574559314,0.9819039581683533
6,47,27,0.9935683658885184,1.0047811709654026
6,47,28,0.9933301572177228,0.9951049861738251
6,47,29,0.9930919485469271,0.993213621460251
6,47,30,0.9928537398761315,0.9966769272247559
6,47,31,0.9926155312053359,0.9970406960961974
6,47,32,0.9923773225345403,0.9877147259788422
6,47,33,0.9921391138637446,0.9867275229978716
6,47,34,0.991900905192949,0.9992017184030015
6,47,35,0.9916626965221534,0.9890442855247967
6,47,36,0.9914244878513578,0.982310338097462
6,47,37,0.9911862791805621,0.9813233334808426
6,47,38,0.9909480705097665,0.9944577838482822
6,47,39,0.9907098618389709,0.987783859425653
6,47,40,0.9904716531681753,1.0067456926747884
6,47,41,0.9902334444973797,0.9967762390787891
6,47,42,0.9899952358265841,1.0006513448143002
6,47,43,0.9897570271557885,0.9926486422688265
6,47,44,0.9895188184849929,0.997102661369817
6,47,45,0.9892806098141972,1.0047095050015875
6,47,46,0.9890424011434016,0.9900457902835308
6,47,47,0.988804192472606,0.9872787250392454
6,47,48,0.9885659838018104,1.0111793604742974
6,47,49,0.9883277751310148,0.997590204184884
6,47,50,0.9880895664602192,0.9928512429306366
7,48,0,1.0,1.0
7,48,1,0.9997617913292044,0.9917189468293465
7,48,2,0.9995235826584088,0.9936965644230168
7,48,3,0.9992853739876132,0.9774096253548729
7,48,4,0.9990471653168176,0.994604229868875
7,48,5,0.9988089566460219,0.9840618071711854
7,48,6,0.9985707479752263,0.9815465819890221
7,48,7,0.9983325393044307,0.9733011492562291
7,48,8,0.9980943306336351,0.9894512671038812
7,48,9,0.9978561219628395,0.9883231289899076
7,48,10,0.9976179132920439,0.963043378584325
7,48,11,0.9973797046212483,0.9905468341915151
7,48,12,0.9971414959504526,0.986275569254569
7,48,13,0.9969032872796569,0.9722867515089177
7,48,14,0.9966650786088613,0.9833333729385308
7,48,15,0.9964268699380657,0.9607770815456825
7,48,16,0.9961886612672701,0.9811120490584178
7,48,17,0.9959504525964745,0.997088557599753
7,48,18,0.9957122439256789,0.9802587298068057
7,48,19,0.9954740352548833,0.975998388832814
7,48,20,0.9952358265840877,0.979216210042345
7,48,21,0.994997617913292,0.9774541054866396
7,48,22,0.9947594092424964,0.9774751590561013
7,48,23,0.9945212005717008,0.9807179755341021
7,48,24,0.9942829919009052,0.9799171795183254
7,48,25,0.9940447832301096,0.9591716067594951
7,48,26,0.993806574559314,0.9752636689664773
7,48,27,0.9935683658885184,0.9780279183045462
7,48,28,0.9933301572177228,0.9848684585679287
7,48,29,0.9930919485469271,0.9900889660644269
7,48,30,0.9928537398761315,0.9820262195587064
7,48,31,0.9926155312053359,0.9819908306814641
7,48,32,0.9923773225345403,0.9739263255374181
7,48,33,0.9921391138637446,0.9875563319865212
7,48,34,0.991900905192949,0.9715374556428883
7,48,35,0.9916626965221534,0.9785752744677281
7,48,36,0.9914244878513578,0.974777404133968
7,48,37,0.9911862791805621,0.9737724630653714
7,48,38,0.9909480705097665,0.9805257661451903
7,48,39,0.9907098618389709,0.9831749873283768
7,48,40,0.9904716531681753,0.9736436096757266
7,48,41,0.9902334444973797,0.9725314794775592
7,48,42,0.9899952358265841,0.973006391026257
7,48,43,0.9897570271557885,0.9786073937675339
7,48,44,0.9895188184849929,0.9867334324246702
7,48,45,0.9892806098141972,0.9748578774688441
7,48,46,0.9890424011434016,0.9823871701238904
7,48,47,0.988804192472606,0.9811083218106476
7,48,48,0.9885659838018104,0.973490192091607
7,48,49,0.9883277751310148,0.9735952139520377
7,48,50,0.9880895664602192,0.9745183569819243
8,49,0,1.0,1.0
8,49,1,0.9997617913292044,1.0117143147959884
8,49,2,0.9995235826584088,0.9951808500338445
8,49,3,0.9992853739876132,1.0046258125505463
8,49,4,0.9990471653168176,1.0029935115537174
8,49,5,0.9988089566460219,0.9986943052100437
8,49,6,0.9985707479752263,0.9826722434614902
8,49,7,0.9983325393044307,1.0074142718194652
8,49,8,0.9980943306336351,0.996695793989569
8,49,9,0.9978561219628395,0.9725285350367847
8,49,10,0.9976179132920439,1.005834309641106
8,49,11,0.9973797046212483,1.0063959649705678
8,49,12,0.9971414959504526,0.9801090099123351
8,49,13,0.9969032872796569,0.9777645500453164
8,49,14,0.9966650786088613,0.9890281963526837
8,49,15,0.9964268699380657,0.9928282687665375
8,49,16,0.9961886612672701,1.024088234240147
8,49,17,0.9959504525964745,0.9986282954937618
8,49,18,0.9957122439256789,1.0057224940305791
8,49,19,0.9954740352548833,0.9810195412743102
8,49,20,0.9952358265840877,0.9910249598668869
8,49,21,0.994997617913292,0.979894112822527
8,49,22,0.9947594092424964,0.9932167207195941
8,49,23,0.9945212005717008,0.9946528821086635
8,49,24,0.9942829919009052,0.9771099782504598
8,49,25,0.9940447832301096,0.9943195871317131
8,49,26,0.993806574559314,0.9942571916558003
8,49,27,0.9935683658885184,0.9870832736340406
8,49,28,0.9933301572177228,1.0131504898765682
8,49,29,0.9930919485469271,0.9885808579715162
8,49,30,0.9928537398761315,0.9940696527792022
8,49,31,0.9926155312053359,0.9898423508679123
8,49,32,0.9923773225345403,0.9981459044175366
8,49,33,0.9921391138637446,0.9837605855374794
8,49,34,0.991900905192949,0.9801690592807879
8,49,35,0.9916626965221534,0.985381823816652
8,49,36,0.9914244878513578,0.9915092520727949
8,49,37,0.9911862791805621,0.9895004051375966
8,49,38,0.9909480705097665,1.0005307040362665
8,49,39,0.9907098618389709,0.9926570617039914
8,49,40,0.9904716531681753,0.9917264233372918
8,49,41,0.9902334444973797,0.985946793314212
8,49,42,0.9899952358265841,0.993788802965869
8,49,43,0.9897570271557885,1.0073748671734744
8,49,44,0.9895188184849929,0.9784598565550499
8,49,45,0.9892806098141972,0.9865655595564337
8,49,46,0.9890424011434016,0.9970443448156859
8,49,47,0.988804192472606,1.003106197718128
8,49,48,0.9885659838018104,0.9817374944577237
8,49,49,0.9883277751310148,0.9917503254418308
8,49,50,0.9880895664602192,0.9855063924075989
9,50,0,1.0,1.0
9,50,1,0.9997617913292044,0.9768975565035656
9,50,2,0.9995235826584088,0.9955882183154706
9,50,3,0.9992853739876132,0.9921215070156881
9,50,4,0.9990471653168176,0.9856033905331164
9,50,5,0.9988089566460219,0.9700793897431803
9,50,6,0.9985707479752263,0.9800625430496908
9,50,7,0.9983325393044307,0.9840628977398191
9,50,8,0.9980943306336351,0.9613112161799339
9,50,9,0.9978561219628395,0.9928972815318914
9,50,10,0.9976179132920439,0.9888483159274666
9,50,11,0.9973797046212483,0.9670375988578026
9,50,12,0.9971414959504526,0.9718695283280495
9,50,13,0.9969032872796569,0.9648596223123727
9,50,14,0.9966650786088613,0.9875442343966506
9,50,15,0.9964268699380657,0.9870914948909282
9,50,16,0.9961886612672701,0.9831192709160251
9,50,17,0.9959504525964745,0.9777514870278543
9,50,18,0.9957122439256789,0.9885738272445573
9,50,19,0.9954740352548833,0.9790347347297557
9,50,20,0.9952358265840877,0.9807209490709071
9,50,21,0.994997617913292,0.9741993538906998
9,50,22,0.9947594092424964,0.9752610914131454
9,50,23,0.9945212005717008,0.9742220663419912
9,50,24,0.9942829919009052,0.9743884234220995
9,50,25,0.9940447832301096,0.9800125400136939
9,50,26,0.993806574559314,0.979815786382
9,50,27,0.9935683658885184,0.9778845025569183
9,50,28,0.9933301572177228,0.9747498544724343
9,50,29,0.9930919485469271,0.9822643705419023
9,50,30,0.9928537398761315,0.9790252205559484
9,50,31,0.9926155312053359,0.9852440581633184
9,50,32,0.9923773225345403,0.9802295808220788
9,50,33,0.9921391138637446,0.9756934123388654
9,50,34,0.991900905192949,0.9784318171069436
9,50,35,0.9916626965221534,0.9822726457398357
9,50,36,0.9914244878513578,0.9840646761896562
9,50,37,0.9911862791805621,0.9991478320052481
9,50,38,0.9909480705097665,0.9782863141304432
9,50,39,0.9907098618389709,0.971274544367662
9,50,40,0.9904716531681753,0.9604205684276392
9,50,41,0.9902334444973797,0.9828857629817371
9,50,42,0.9899952358265841,1.003002269413913
9,50,43,0.9897570271557885,0.98465731269019
9,50,44,0.9895188184849929,0.973485394856963
9,50,45,0.9892806098141972,0.9876689888617525
9,50,46,0.9890424011434016,0.9850226302189177
9,50,47,0.988804192472606,0.9778729362713591
9,50,48,0.9885659838018104,0.9725971445079068
9,50,49,0.9883277751310148,0.9747615329348105
9,50,50,0.9880895664602192,0.9867525465597287
10,51,0,1.0,1.0
10,51,1,0.9997617913292044,1.0258757797321276
10,51,2,0.9995235826584088,1.025022289708318
10,51,3,0.9992853739876132,1.0100935549492138
10,51,4,0.9990471653168176,1.003181946075477
10,51,5,0.9988089566460219,1.0142510438554835
10,51,6,0.9985707479752263,1.0185902714104147
10,51,7,0.9983325393044307,0.990095807875356
10,51,8,0.9980943306336351,1.0219972849980588
10,51,9,0.9978561219628395,1.0236343214709416
10,51,10,0.9976179132920439,0.9985300990669964
10,51,11,0.9973797046212483,1.0049156440292804
10,51,12,0.9971414959504526,1.006592490711041
10,51,13,0.9964268699380657,1.0095866481962301
10,51,14,0.9961886612672701,1.0328508121775073
10,51,15,0.9959504525964745,1.014463709750616
10,51,16,0.9957122439256789,1.0119608027545888
10,51,17,0.9954740352548833,1.01309801169028
10,51,18,0.9952358265840877,1.000783661069374
10,51,19,0.994997617913292,1.0101491129543043
10,51,20,0.9947594092424964,1.0087668614641876
10,51,21,0.9945212005717008,1.0133040046107893
10,51,22,0.9942829919009052,1.0018015470249755
10,51,23,0.9940447832301096,1.012159821355193
10,51,24,0.993806574559314,1.0111959137475608
10,51,25,0.9935683658885184,1.0102268780152805
10,51,26,0.9933301572177228,1.0162921134098022
10,51,27,0.9930919485469271,1.005420611557009
10,51,28,0.9928537398761315,1.0181160258920696
10,51,29,0.9926155312053359,1.0077254708492625
10,51,30,0.9923773225345403,1.0160763026104198
10,51,31,0.9921391138637446,0.9983569221706436
10,51,32,0.991900905192949,0.9952046146194929
10,51,33,0.9916626965221534,1.0136178233105337
10,51,34,0.9914244878513578,0.9988648464837702
10,51,35,0.9911862791805621,1.0168001467899939
10,51,36,0.9909480705097665,1.0219735967101065
10,51,37,0.9907098618389709,1.0096793726921711
10,51,38,0.9904716531681753,0.9978472889810645
10,51,39,0.9902334444973797,0.9947473776181883
10,51,40,0.9899952358265841,1.0169525089125349
10,51,41,0.9897570271557885,1.0262125861065254
10,51,42,0.9895188184849929,1.0117491281479833
10,51,43,0.9892806098141972,1.0158142598884412
10,51,44,0.9890424011434016,1.0250754173071244
10,51,45,0.988804192472606,1.0185392327859342
10,51,46,0.9885659838018104,1.0135347265283399
10,51,47,0.9883277751310148,1.005864217969042
10,51,48,0.9880895664602192,0.9969317337329251
10,51,49,0.9878513577894236,1.0085519642309695
10,51,50,0.987613149118628,1.016579453156434
11,52,0,1.0,1.0
11,52,1,0.9997617913292044,0.9854530123052626
11,52,2,0.9995235826584088,0.9811793514092336
11,52,3,0.9992853739876132,0.9683712233360627
11,52,4,0.9990471653168176,0.9869399781831509
11,52,5,0.9988089566460219,0.9956854288907532
11,52,6,0.9985707479752263,0.9681155232277406
11,52,7,0.9983325393044307,1.0025041681288187
11,52,8,0.9980943306336351,0.9933697690911147
11,52,9,0.9978561219628395,0.9680004281431451
11,52,10,0.9976179132920439,0.9978548988806888
11,52,11,0.9973797046212483,0.9850717526378291
11,52,12,0.9971414959504526,0.9981549310013428
11,52,13,0.9969032872796569,0.9946125060484451
11,52,14,0.9966650786088613,0.9958867639261263
11,52,15,0.9964268699380657,0.989366789110105
11,52,16,0.9961886612672701,0.9870606622134138
11,52,17,0.9959504525964745,0.9847937088074299
11,52,18,0.9957122439256789,1.000912489268678
11,52,19,0.9954740352548833,0.9746430100690164
11,52,20,0.9952358265840877,0.9874236639652437
11,52,21,0.994997617913292,0.9791643929919764
11,52,22,0.9947594092424964,0.9842535819709767
11,52,23,0.9945212005717008,0.9819088035367247
11,52,24,0.9942829919009052,0.9865914377031648
11,52,25,0.9940447832301096,0.9859448490338794
11,52,26,0.993806574559314,0.9897152126593068
11,52,27,0.9935683658885184,0.9905908260720712
11,52,28,0.9933301572177228,0.9822410182850906
11,52,29,0.9930919485469271,0.9862879217318685
11,52,30,0.9928537398761315,0.9724626073321556
11,52,31,0.9926155312053359,0.980696257504646
11,52,32,0.9923773225345403,0.9843185878217621
11,52,33,0.9921391138637446,0.983985208423955
11,52,34,0.991900905192949,0.9833874943246768
11,52,35,0.9916626965221534,0.9957185298936342
11,52,36,0.9914244878513578,0.996369407619697
11,52,37,0.9911862791805621,0.9782694612237702
11,52,38,0.9909480705097665,0.9689297278635168
11,52,39,0.9907098618389709,0.988063221171734
11,52,40,0.9904716531681753,0.9854603425452976
11,52,41,0.9902334444973797,0.9772119522763365
11,52,42,0.9899952358265841,0.9906077322337171
11,52,43,0.9897570271557885,0.98883786868202
11,52,44,0.9895188184849929,0.9989351568937623
11,52,45,0.9892806098141972,0.9816853887463547
11,52,46,0.9890424011434016,0.9840438758439698
11,52,47,0.988804192472606,0.9735369397702736
11,52,48,0.9885659838018104,0.993743588975012
11,52,49,0.9883277751310148,0.9952821775873107
11,52,50,0.9880895664602192,0.9913473451502349
12,53,0,1.0,1.0
12,53,1,0.9997617913292044,0.9963802408249642
12,53,2,0.9995235826584088,0.9799932907552336
12,53,3,0.9992853739876132,1.0098257658498224
12,53,4,0.9990471653168176,1.0112156192341584
12,53,5,0.9988089566460219,0.9842301177470714
12,53,6,0.9985707479752263,1.0172523089408592
12,53,7,0.9983325393044307,1.014065355380534
12,53,8,0.9980943306336351,0.99083606202926
12,53,9,0.9978561219628395,1.0176530021316776
12,53,10,0.9976179132920439,0.996625024781208
12,53,11,0.9973797046212483,1.0035275336176634
12,53,12,0.9971414959504526,1.0153615943265357
12,53,13,0.9969032872796569,0.9985518940373763
12,53,14,0.9966650786088613,1.0026790395130545
12,53,15,0.9964268699380657,1.0096690759502578
12,53,16,0.9961886612672701,0.9888788273877638
12,53,17,0.9959504525964745,1.009124058043874
12,53,18,0.9957122439256789,0.9955296856672464
12,53,19,0.9954740352548833,1.0046154601715025
12,53,20,0.9952358265840877,0.9858577941925204
12,53,21,0.994997617913292,1.0042554106498522
12,53,22,0.9947594092424964,0.9939223725047108
12,53,23,0.9945212005717008,1.007555567717694
12,53,24,0.9942829919009052,1.0019932706024208
12,53,25,0.9940447832301096,0.991525710101782
12,53,26,0.993806574559314,1.007298771743558
12,53,27,0.9935683658885184,1.003920362689537
12,53,28,0.9933301572177228,1.0018176381379602
12,53,29,0.9930919485469271,0.9894440700304719
12,53,30,0.9928537398761315,0.993722025495145
12,53,31,0.9926155312053359,1.0032755576438375
12,53,32,0.9923773225345403,1.0003533831274491
12,53,33,0.9921391138637446,0.9970776952716136
12,53,34,0.991900905192949,1.0011650883828958
12,53,35,0.9916626965221534,1.0003288386406866
12,53,36,0.9914244878513578,0.9931390773570937
12,53,37,0.9911862791805621,0.9929799572957061
12,53,38,0.9909480705097665,1.0081900605977
12,53,39,0.9907098618389709,1.009958731410737
12,53,40,0.9904716531681753,0.9928841695291766
12,53,41,0.9902334444973797,1.0067468221650728
12,53,42,0.9899952358265841,1.0004806213699065
12,53,43,0.9897570271557885,0.9956573038283498
12,53,44,0.9895188184849929,0.9858756184721512
12,53,45,0.9892806098141972,1.000914366194517
12,53,46,0.9890424011434016,0.9852430144042815
12,53,47,0.988804192472606,1.0026602772197155
12,53,48,0.9885659838018104,1.012145978237675
12,53,49,0.9883277751310148,0.9985966861320699
12,53,50,0.9880895664602192,1.0147550549882987
13,54,0,1.0,1.0
13,54,1,0.9997617913292044,0.9993062413868068
13,54,2,0.9995235826584088,1.018427813159749
13,54,3,0.9992853739876132,1.0178459881391497
13,54,4,0.9990471653168176,0.9996865128898315
13,54,5,0.9988089566460219,1.034465236242229
13,54,6,0.9985707479752263,1.0352158330403023
13,54,7,0.9983325393044307,0.9971331421713919
13,54,8,0.9980943306336351,1.0129901818216982
13,54,9,0.9978561219628395,1.0172883261137895
13,54,10,0.9976179132920439,1.011964020327289
13,54,11,0.9973797046212483,1.0412025727062277
13,54,12,0.9971414959504526,1.025822806667832
13,54,13,0.9969032872796569,1.0145830551295736
13,54,14,0.9966650786088613,1.0155420608444257
13,54,15,0.9964268699380657,1.0071710636829465
13,54,16,0.9961886612672701,1.013090806348963
13,54,17,0.9959504525964745,1.0006700155435237
13,54,18,0.9957122439256789,1.0170956474921395
13,54,19,0.9954740352548833,0.9973721817282993
13,54,20,0.9952358265840877,1.023680633308637
13,54,21,0.994997617913292,1.0000385228037258
13,54,22,0.9947594092424964,1.025944302182171
13,54,23,0.9945212005717008,1.0130238251334844
13,54,24,0.9942829919009052,1.0091970162542077
13,54,25,0.9940447832301096,1.0073258172354445
13,54,26,0.993806574559314,1.0119777758771709
13,54,27,0.9935683658885184,1.0112809347994454
13,54,28,0.9933301572177228,1.0045737240517605
13,54,29,0.9930919485469271,1.0099722373914728
13,54,30,0.9928537398761315,1.0083846790854751
13,54,31,0.9926155312053359,1.00877010374028
13,54,32,0.9923773225345403,1.0175335889477068
13,54,33,0.9921391138637446,1.0180163389591501
13,54,34,0.991900905192949,1.0099738707510022
13,54,35,0.9916626965221534,1.0048130963131567
13,54,36,0.9914244878513578,1.0081584227766247
13,54,37,0.9911862791805621,1.0174668209520243
13,54,38,0.9909480705097665,1.0308506308232723
13,54,39,0.9907098618389709,1.0029403772303775
13,54,40,0.9904716531681753,1.0201374711733084
13,54,41,0.9902334444973797,1.0158267156988596
13,54,42,0.9899952358265841,1.00950560337745
13,54,43,0.9897570271557885,1.0107597978633702
13,54,44,0.9895188184849929,1.005185821612836
13,54,45,0.9892806098141972,1.0070440886490448
13,54,46,0.9890424011434016,1.0218168247010315
13,54,47,0.988804192472606,1.030105767391266
13,54,48,0.9885659838018104,1.0094824359434493
13,54,49,0.9883277751310148,1.0259052648831757
13,54,50,0.9880895664602192,1.0334017817857364
14,55,0,1.0,1.0
14,55,1,0.9997617913292044,1.021100065682726
14,55,2,0.9995235826584088,1.0263028021215888
14,55,3,0.9992853739876132,1.0025036637318263
14,55,4,0.9990471653168176,1.0449740158893785
14,55,5,0.9988089566460219,1.0345082589622514
14,55,6,0.9985707479752263,1.0027501140035553
14,55,7,0.9983325393044307,1.021929601117476
14,55,8,0.9980943306336351,1.0150266549524578
14,55,9,0.9978561219628395,1.021629728751392
14,55,10,0.9976179132920439,1.0232902519859355
14,55,11,0.9973797046212483,1.01929404925853
14,55,12,0.9971414959504526,1.0190708881892026
14,55,13,0.9969032872796569,1.0181621044673168
14,55,14,0.9966650786088613,1.0061850517145063
14,55,15,0.9964268699380657,1.0207119564366922
14,55,16,0.9961886612672701,1.0217605148105076
14,55,17,0.9959504525964745,1.0237619137320548
14,55,18,0.9957122439256789,1.0083266243131954
14,55,19,0.9954740352548833,1.025182045707969
14,55,20,0.9952358265840877,1.0128164854211215
14,55,21,0.994997617913292,1.0203413542527167
14,55,22,0.9947594092424964,1.010177371526134
14,55,23,0.9945212005717008,1.0263015456492057
14,55,24,0.9942829919009052,1.0173082527522344
14,55,25,0.9940447832301096,1.0154985469097797
14,55,26,0.993806574559314,1.035384302834567
14,55,27,0.9935683658885184,1.0039392981516377
14,55,28,0.9933301572177228,1.0129227787343795
14,55,29,0.9930919485469271,1.017635130742632
14,55,30,0.9928537398761315,1.0201708450300448
14,55,31,0.9926155312053359,1.0228624837420888
14,55,32,0.9923773225345403,1.0230788400705255
14,55,33,0.9921391138637446,1.0146266078247965
14,55,34,0.991900905192949,1.0085576626934993
14,55,35,0.9916626965221534,1.004681757813266
14,55,36,0.9914244878513578,1.0157010123716264
14,55,37,0.9911862791805621,1.0259477539402728
14,55,38,0.9909480705097665,1.0178018655192633
14,55,39,0.9907098618389709,1.03213170451844
14,55,40,0.9904716531681753,1.0110669951988873
14,55,41,0.9902334444973797,1.024431812949155
14,55,42,0.9899952358265841,1.0121346687964172
14,55,43,0.9897570271557885,1.0169336813201524
14,55,44,0.9895188184849929,1.0080070087196802
14,55,45,0.9892806098141972,1.0310525456861412
14,55,46,0.9890424011434016,1.0360254504270314
14,55,47,0.988804192472606,1.0141740470037075
14,55,48,0.9885659838018104,1.0325134888312448
14,55,49,0.9883277751310148,1.0354833936226107
14,55,50,0.9880895664602192,1.0216401838299105
15,56,0,1.0,1.0
15,56,1,0.9997617913292044,0.9895565391625465
15,56,2,0.9995235826584088,0.9678003619971363
15,56,3,0.9992853739876132,1.0060437672251485
15,56,4,0.9990471653168176,0.9902929754680689
15,56,5,0.9988089566460219,0.9688337014805029
15,56,6,0.9985707479752263,0.9955651112556422
15,56,7,0.9983325393044307,0.9805108266895604
15,56,8,0.9980943306336351,0.9810767437029402
15,56,9,0.9978561219628395,0.9876228676101979
15,56,10,0.9976179132920439,0.982742556562968
15,56,11,0.9973797046212483,0.9868486950720882
15,56,12,0.9971414959504526,0.9868892173936619
15,56,13,0.9969032872796569,0.9760527727717241
15,56,14,0.9966650786088613,0.9883875975297775
15,56,15,0.9964268699380657,0.9965362980127291
15,56,16,0.9961886612672701,0.9924164068304369
15,56,17,0.9959504525964745,0.9763977030536044
15,56,18,0.9957122439256789,0.9823197670732289
15,56,19,0.9954740352548833,0.9759763106898579
15,56,20,0.9952358265840877,0.9950271850567406
15,56,21,0.994997617913292,0.9863058330880643
15,56,22,0.9947594092424964,0.9952518983947839
15,56,23,0.9945212005717008,0.9867261429547033
15,56,24,0.9942829919009052,0.9836915507988279
15,56,25,0.9940447832301096,0.9919473108291419
15,56,26,0.993806574559314,0.9716978049540476
15,56,27,0.9935683658885184,0.9813259470026762
15,56,28,0.9933301572177228,0.9857535748405407
15,56,29,0.9930919485469271,0.9751213829323504
15,56,30,0.9928537398761315,0.9675734449117184
15,56,31,0.9926155312053359,1.0010225937950203
15,56,32,0.9923773225345403,0.9930233948331023
15,56,33,0.9921391138637446,0.969546749364475
15,56,34,0.991900905192949,0.96555111613726
15,56,35,0.9916626965221534,0.9900588162012818
15,56,36,0.9914244878513578,0.9926375432992752
15,56,37,0.9911862791805621,0.9750448666610761
15,56,38,0.9909480705097665,0.986303150511802
15,56,39,0.9907098618389709,0.9853745670125725
15,56,40,0.9904716531681753,0.9967378973012798
15,56,41,0.9902334444973797,0.9715189202784802
15,56,42,0.9899952358265841,0.9766641286683506
15,56,43,0.9897570271557885,0.9721841564834289
15,56,44,0.9895188184849929,0.9884208277738119
15,56,45,0.9892806098141972,0.9963060670716709
15,56,46,0.9890424011434016,0.9818057426119011
15,56,47,0.988804192472606,0.9944693950198042
15,56,48,0.9885659838018104,1.0014225252516717
15,56,49,0.9883277751310148,0.9790855713873933
15,56,50,0.9880895664602192,0.9803542544826069
16,57,0,1.0,1.0
16,57,1,0.9997617913292044,0.9754165727289215
16,57,2,0.9995235826584088,1.0157615419760604
16,57,3,0.9992853739876132,1.0126367584467433
16,57,4,0.9990471653168176,0.9767741336853635
16,57,5,0.9988089566460219,0.9978880950464909
16,57,6,0.9985707479752263,0.9938150398826259
16,57,7,0.9983325393044307,0.9935111024948212
16,57,8,0.9980943306336351,1.0065211333230972
16,57,9,0.9978561219628395,0.9973881943190414
16,57,10,0.9976179132920439,0.9966726919336144
16,57,11,0.9973797046212483,0.9943703811964428
16,57,12,0.9971414959504526,0.9872779793883883
16,57,13,0.9969032872796569,0.9993887583788772
16,57,14,0.9966650786088613,0.999935342163073
16,57,15,0.9964268699380657,1.0053584407304788
16,57,16,0.9961886612672701,0.986284357071345
16,57,17,0.9959504525964745,1.0000869377618595
16,57,18,0.9957122439256789,0.9905135027297369
16,57,19,0.9954740352548833,1.0038677828815912
16,57,20,0.9952358265840877,1.0075505072729267
16,57,21,0.994997617913292,1.002185999911988
16,57,22,0.9947594092424964,0.9994394080162848
16,57,23,0.9945212005717008,1.000520003785358
16,57,24,0.9942829919009052,1.0066522073778155
16,57,25,0.9940447832301096,0.9809696240874831
16,57,26,0.993806574559314,0.9868652691956447
16,57,27,0.9935683658885184,1.00149836728407
16,57,28,0.9933301572177228,0.9917843836983902
16,57,29,0.9930919485469271,0.9833283925095497
16,57,30,0.9928537398761315,0.9985702634410917
16,57,31,0.9926155312053359,0.9916339676900984
16,57,32,0.9923773225345403,0.9820150672170176
16,57,33,0.9921391138637446,0.9905690451208615
16,57,34,0.991900905192949,0.9915669893884757
16,57,35,0.9916626965221534,1.0015884205229073
16,57,36,0.9914244878513578,0.9816556286397027
16,57,37,0.9911862791805621,1.0061181823911782
16,57,38,0.9909480705097665,0.9921295333458173
16,57,39,0.9907098618389709,0.9904845257722332
16,57,40,0.9904716531681753,0.9824196470353689
16,57,41,0.9902334444973797,1.0000579157636158
16,57,42,0.9899952358265841,1.002067868671701
16,57,43,0.9897570271557885,1.0161225381852856
16,57,44,0.9895188184849929,1.0140281258530823
16,57,45,0.9892806098141972,0.983895101459305
16,57,46,0.9890424011434016,0.9967641396228878
16,57,47,0.988804192472606,0.9948922777788044
16,57,48,0.9885659838018104,1.0007975066016226
16,57,49,0.9883277751310148,0.9878307980113931
16,57,50,0.9880895664602192,1.010633837525104
17,58,0,1.0,1.0
17,58,1,0.9997617913292044,1.039984646889657
17,58,2,0.9995235826584088,1.0295216153250792
17,58,3,0.9992853739876132,1.0049481957006539
17,58,4,0.9990471653168176,1.008750971508568
17,58,5,0.9988089566460219,1.0135708850983478
17,58,6,0.9985707479752263,1.0116628246155823
17,58,7,0.9983325393044307,1.0312984811497874
17,58,8,0.9980943306336351,1.032862345791246
17,58,9,0.9978561219628395,1.0210697437340146
17,58,10,0.9976179132920439,1.0173100543402553
17,58,11,0.9973797046212483,1.0082018014243868
17,58,12,0.9971414959504526,1.0161453176238309
17,58,13,0.9969032872796569,1.0308971419554416
17,58,14,0.9966650786088613,1.0261418597104113
17,58,15,0.9964268699380657,1.0093071600885724
17,58,16,0.9961886612672701,1.0347505671159398
17,58,17,0.9959504525964745,1.0062765414545238
17,58,18,0.9957122439256789,1.01749129202082
17,58,19,0.9954740352548833,1.0246182302568592
17,58,20,0.9952358265840877,1.025601691362891
17,58,21,0.994997617913292,1.0086550357304
17,58,22,0.9947594092424964,1.0282166599041795
17,58,23,0.9945212005717008,1.0205004662806663
17,58,24,0.9942829919009052,1.009031863046573
17,58,25,0.9940447832301096,1.014591895203376
17,58,26,0.993806574559314,1.0147557006663328
17,58,27,0.9935683658885184,1.0220618214738613
17,58,28,0.9933301572177228,1.0054946076965068
17,58,29,0.9930919485469271,1.016359654867635
17,58,30,0.9928537398761315,1.0153585799233462
17,58,31,0.9926155312053359,1.0122772661253057
17,58,32,0.9923773225345403,1.0090126115786218
17,58,33,0.9921391138637446,1.018428965010166
17,58,34,0.991900905192949,1.0138496673911674
17,58,35,0.9916626965221534,1.0245237386997041
17,58,36,0.9914244878513578,1.0198872161686758
17,58,37,0.9911862791805621,1.002876301720276
17,58,38,0.9909480705097665,1.0178881298230882
17,58,39,0.9907098618389709,1.0079379088889535
17,58,40,0.9904716531681753,1.0090056528184381
17,58,41,0.9902334444973797,1.0192469268088735
17,58,42,0.9899952358265841,1.0233003574873563
17,58,43,0.9897570271557885,1.0360359223857423
17,58,44,0.9895188184849929,1.0109555155205607
17,58,45,0.9892806098141972,1.024265938279029
17,58,46,0.9890424011434016,1.039791872874065
17,58,47,0.988804192472606,1.013901816218016
17,58,48,0.9885659838018104,1.0114140330938144
17,58,49,0.9883277751310148,1.033230096325675
17,58,50,0.9880895664602192,1.0195701460048314
18,59,0,1.0,1.0
18,59,1,0.9997617913292044,0.9886380391353858
18,59,2,0.9995235826584088,0.9743894429141697
18,59,3,0.9992853739876132,0.9734268543902053
18,59,4,0.9990471653168176,0.985604992721308
18,59,5,0.9988089566460219,0.9792940174427881
18,59,6,0.9985707479752263,0.9937860040741452
18,59,7,0.9983325393044307,0.9761724714058225
18,59,8,0.9980943306336351,0.9735011191676503
18,59,9,0.9976179132920439,0.9788099187537972
18,59,10,0.9973797046212483,0.9735145764625548
18,59,11,0.9971414959504526,0.980949965636317
18,59,12,0.9969032872796569,0.9833774035220683
18,59,13,0.9966650786088613,0.9725242288003028
18,59,14,0.9964268699380657,0.9662911850968937
18,59,15,0.9961886612672701,0.9779120263895648
18,59,16,0.9959504525964745,0.9630209069909167
18,59,17,0.9957122439256789,0.979847157217098
18,59,18,0.9954740352548833,0.9726487414029088
18,59,19,0.9952358265840877,0.9822917836614025
18,59,20,0.994997617913292,0.9775968459934737
18,59,21,0.9947594092424964,0.9797250829589707
18,59,22,0.9945212005717008,0.9839963695872884
18,59,23,0.9942829919009052,0.9699323449427831
18,59,24,0.9940447832301096,0.9796216125659399
18,59,25,0.993806574559314,0.9808906976729505
18,59,26,0.9935683658885184,0.962378988577641
18,59,27,0.9933301572177228,0.9801366679818815
18,59,28,0.9930919485469271,0.978641895789637
18,59,29,0.9928537398761315,0.9875468069830304
18,59,30,0.9926155312053359,0.9818087525616603
18,59,31,0.9923773225345403,0.9739215677639307
18,59,32,0.9921391138637446,0.9721213672541706
18,59,33,0.991900905192949,0.9914096665262553
18,59,34,0.9916626965221534,0.987775897841773
18,59,35,0.9914244878513578,0.9789922600341977
18,59,36,0.9911862791805621,0.9764092546867837
18,59,37,0.9909480705097665,0.9688711484563227
18,59,38,0.9907098618389709,0.96744854724167
18,59,39,0.9904716531681753,0.9645306106532565
18,59,40,0.9902334444973797,0.9780128106358436
18,59,41,0.9899952358265841,0.9909215088773488
18,59,42,0.9897570271557885,0.9963971038249643
18,59,43,0.9895188184849929,0.9594057362674921
18,59,44,0.9892806098141972,0.9905878853375939
18,59,45,0.9890424011434016,0.9899162420451917
18,59,46,0.988804192472606,0.9874355285991832
18,59,47,0.9885659838018104,0.9759768434939677
18,59,48,0.9883277751310148,0.9928241991434872
18,59,49,0.9880895664602192,0.9759150121471962
18,59,50,0.9878513577894236,0.9661547432571318
19,60,0,1.0,1.0
19,60,1,0.9997617913292044,0.9696040080537959
19,60,2,0.9997617913292044,0.9875794973366632
19,60,3,0.9995235826584088,0.9890522315929443
19,60,4,0.9992853739876132,0.9868522009786549
19,60,5,0.9990471653168176,0.9953848106420619
19,60,6,0.9988089566460219,0.9782274649438679
19,60,7,0.9985707479752263,0.9805721963717751
19,60,8,0.9983325393044307,0.9869260800894767
19,60,9,0.9980943306336351,0.9791110204793168
19,60,10,0.9978561219628395,0.9908736041416165
19,60,11,0.9976179132920439,0.9863951150742024
19,60,12,0.9973797046212483,0.9818357717544608
19,60,13,0.9971414959504526,0.9886253548208304
19,60,14,0.9969032872796569,0.9932864489144793
19,60,15,0.9966650786088613,0.9701568277252632
19,60,16,0.9964268699380657,0.9888572699894062
19,60,17,0.9961886612672701,0.9955535447498379
19,60,18,0.9959504525964745,0.9866620887992691
19,60,19,0.9957122439256789,0.9896786054086576
19,60,20,0.9954740352548833,0.985219629818971
19,60,21,0.9952358265840877,0.9959165613612164
19,60,22,0.994997617913292,0.9784575749852344
19,60,23,0.9947594092424964,0.973580640285571
19,60,24,0.9945212005717008,0.9774146645537741
19,60,25,0.9942829919009052,0.9928971441321002
19,60,26,0.9940447832301096,0.9739581235058958
19,60,27,0.993806574559314,0.9886935214390234
19,60,28,0.9935683658885184,0.977162468022665
19,60,29,0.9933301572177228,0.9933799752208615
19,60,30,0.9930919485469271,0.9734886119300835
19,60,31,0.9928537398761315,0.9868742592024918
19,60,32,0.9926155312053359,0.9844990172783763
19,60,33,0.9923773225345403,0.9896759965399242
19,60,34,0.9921391138637446,0.9835020183837175
19,60,35,0.991900905192949,0.9812301147322016
19,60,36,0.9916626965221534,0.9895318555048358
19,60,37,0.9914244878513578,0.9718736158140431
19,60,38,0.9911862791805621,0.9837604998055419
19,60,39,0.9909480705097665,0.9959069813067524
19,60,40,0.9907098618389709,1.009397755481894
19,60,41,0.9904716531681753,0.997627788781368
19,60,42,0.9902334444973797,0.9776878297580468
19,60,43,0.9899952358265841,0.9985990884005571
19,60,44,0.9897570271557885,1.0024629102916383
19,60,45,0.9895188184849929,0.981266754692971
19,60,46,0.9892806098141972,0.9869308732441296
19,60,47,0.9890424011434016,1.0054203029630786
19,60,48,0.988804192472606,0.9785462148090032
19,60,49,0.9885659838018104,1.0003142813976806
19,60,50,0.9883277751310148,0.9896045673396
20,61,0,1.0,1.0
20,61,1,0.9997617913292044,1.0252690517180292
20,61,2,0.9995235826584088,1.0220013122913498
20,61,3,0.9992853739876132,1.0143078848080054
20,61,4,0.9990471653168176,1.0464331259294495
20,61,5,0.9988089566460219,1.025301118615847
20,61,6,0.9985707479752263,1.0169610185585438
20,61,7,0.9983325393044307,1.0169986023355728
20,61,8,0.9980943306336351,1.0129920287488394
20,61,9,0.9978561219628395,1.028537508043875
20,61,10,0.9976179132920439,1.0258329319826374
20,61,11,0.9973797046212483,1.0182674058605312
20,61,12,0.9971414959504526,1.0110943347336585
20,61,13,0.9969032872796569,1.011857293953592
20,61,14,0.9966650786088613,1.0072083334554625
20,61,15,0.9964268699380657,1.0205793909132266
20,61,16,0.9961886612672701,1.020166306523423
20,61,17,0.9959504525964745,1.0086574781262503
20,61,18,0.9957122439256789,1.0226416926373432
20,61,19,0.9954740352548833,1.0186094551719707
20,61,20,0.9952358265840877,1.0331481025052742
20,61,21,0.994997617913292,1.022256433492986
20,61,22,0.9947594092424964,1.013289516801766
20,61,23,0.9945212005717008,1.018646495135604
20,61,24,0.9942829919009052,1.0162341406104782
20,61,25,0.9940447832301096,1.0269489950918067
20,61,26,0.993806574559314,1.0274413363077435
20,61,27,0.9935683658885184,1.029466983974858
20,61,28,0.9933301572177228,1.0147924106543011
20,61,29,0.9930919485469271,1.014774403851379
20,61,30,0.9928537398761315,1.0131431181148227
20,61,31,0.9926155312053359,1.041739830400542
20,61,32,0.9923773225345403,1.030577645439505
20,61,33,0.9921391138637446,1.0072312339545386
20,61,34,0.991900905192949,1.01583976824559
20,61,35,0.9916626965221534,0.9998704843632116
20,61,36,0.9914244878513578,1.0081547994056972
20,61,37,0.9911862791805621,1.023239986820805
20,61,38,0.9909480705097665,1.0323726742708963
20,61,39,0.9907098618389709,1.0399430893791226
20,61,40,0.9904716531681753,1.0239880838690576
20,61,41,0.9902334444973797,1.0059321793777058
20,61,42,0.9899952358265841,1.0292996590408652
20,61,43,0.9897570271557885,1.0407240373679372
20,61,44,0.9895188184849929,1.0309964729286174
20,61,45,0.9892806098141972,1.018910021297982
20,61,46,0.9890424011434016,1.0282822322240461
20,61,47,0.988804192472606,1.0250097717286228
20,61,48,0.9885659838018104,1.0192172851243313
20,61,49,0.9883277751310148,1.0163584062009972
20,61,50,0.9880895664602192,1.021682044774851
21,62,0,1.0,1.0
21,62,1,0.9997617913292044,0.9977262412743727
21,62,2,0.9995235826584088,0.9861362789853668
21,62,3,0.9992853739876132,1.0185922434649182
21,62,4,0.9990471653168176,0.9995457788305215
21,62,5,0.9988089566460219,0.9919050905276272
21,62,6,0.9985707479752263,1.00121683419856
21,62,7,0.9983325393044307,0.9932258151786323
21,62,8,0.9980943306336351,0.9924485312711729
21,62,9,0.9978561219628395,0.9978444429182134
21,62,10,0.9976179132920439,0.9901295730762483
21,62,11,0.9973797046212483,0.9859025093198661
21,62,12,0.9971414959504526,0.9943140784111908
21,62,13,0.9969032872796569,0.9695105382706144
21,62,14,0.9966650786088613,0.990249504473619
21,62,15,0.9964268699380657,0.9950852170413782
21,62,16,0.9961886612672701,0.9870015764010277
21,62,17,0.9959504525964745,0.9990694641050843
21,62,18,0.9957122439256789,0.9909707729627948
21,62,19,0.9954740352548833,1.0158701582456218
21,62,20,0.9952358265840877,0.9781580653010249
21,62,21,0.994997617913292,0.9876983821097888
21,62,22,0.9947594092424964,0.9846013247697252
21,62,23,0.9945212005717008,0.9901393426606678
21,62,24,0.9942829919009052,1.000884289361192
21,62,25,0.9940447832301096,0.9995648418353932
21,62,26,0.993806574559314,0.9939912798433567
21,62,27,0.9935683658885184,0.9900994978617011
21,62,28,0.9933301572177228,0.9837018633857184
21,62,29,0.9930919485469271,0.9907142306258593
21,62,30,0.9928537398761315,0.9937431397301971
21,62,31,0.9926155312053359,1.0116376230736523
21,62,32,0.9923773225345403,0.992112642368895
21,62,33,0.9921391138637446,0.9936823223135249
21,62,34,0.991900905192949,0.9767717172751214
21,62,35,0.9916626965221534,0.9949272481233984
21,62,36,0.9914244878513578,0.9914000532773525
21,62,37,0.9911862791805621,1.0078063648670443
21,62,38,0.9909480705097665,1.0053704221758553
21,62,39,0.9907098618389709,1.0037918349897117
21,62,40,0.9904716531681753,0.9797208914170841
21,62,41,0.9902334444973797,1.0043063252648607
21,62,42,0.9899952358265841,1.0070033716789897
21,62,43,0.9897570271557885,1.0046497191870032
21,62,44,0.9895188184849929,0.991193617001132
21,62,45,0.9892806098141972,1.00874855329725
21,62,46,0.9890424011434016,0.9968913347581312
21,62,47,0.988804192472606,1.0025284195976714
21,62,48,0.9885659838018104,0.9853891972772529
21,62,49,0.9883277751310148,0.9839527325465004
21,62,50,0.9880895664602192,0.9829793525730686
22,63,0,1.0,1.0
22,63,1,0.9997617913292044,0.9980286592491178
22,63,2,0.9995235826584088,1.012150187827066
22,63,3,0.9992853739876132,0.9968156706671338
22,63,4,0.9990471653168176,0.9980469027276789
22,63,5,0.9988089566460219,1.0041129544840672
22,63,6,0.9985707479752263,1.0065070216029488
22,63,7,0.9983325393044307,0.9949988606072084
22,63,8,0.9980943306336351,0.9951417120822131
22,63,9,0.9978561219628395,1.0001610892116757
22,63,10,0.9976179132920439,0.9829096445297439
22,63,11,0.9973797046212483,1.0018440246408238
22,63,12,0.9971414959504526,0.9832965072857481
22,63,13,0.9969032872796569,0.993622633707431
22,63,14,0.9966650786088613,1.0085398600034723
22,63,15,0.9964268699380657,0.9827201651488259
22,63,16,0.9961886612672701,1.0014334428317724
22,63,17,0.9959504525964745,1.0153853764274394
22,63,18,0.9957122439256789,1.0057748760806418
22,63,19,0.9954740352548833,0.993766527667923
22,63,20,0.9952358265840877,0.9860434907662139
22,63,21,0.994997617913292,1.0015168509162489
22,63,22,0.9947594092424964,1.0057312585098557
22,63,23,0.9945212005717008,1.0036427172918145
22,63,24,0.9942829919009052,0.9963478784939488
22,63,25,0.9940447832301096,0.983579472251598
22,63,26,0.993806574559314,0.9981354859163847
22,63,27,0.9935683658885184,1.0040975756524804
22,63,28,0.9933301572177228,0.9953144554117005
22,63,29,0.9930919485469271,0.9960207364469894
22,63,30,0.9928537398761315,1.0019987646873894
22,63,31,0.9926155312053359,0.9857611330848257
22,63,32,0.9923773225345403,1.0072347681430749
22,63,33,0.9921391138637446,0.987509393259003
22,63,34,0.991900905192949,0.9862454419606996
22,63,35,0.9916626965221534,0.9929446716869905
22,63,36,0.9914244878513578,0.9972657208272835
22,63,37,0.9911862791805621,1.0071247238992267
22,63,38,0.9909480705097665,1.0092519964510838
22,63,39,0.9907098618389709,0.9960766058216901
22,63,40,0.9904716531681753,0.9943532721227121
22,63,41,0.9902334444973797,1.0059176089390456
22,63,42,0.9899952358265841,0.9938091958993109
22,63,43,0.9897570271557885,0.9916298012221251
22,63,44,0.9895188184849929,1.0151718923749757
22,63,45,0.9892806098141972,0.9925316479117245
22,63,46,0.9890424011434016,0.9926361419038584
22,63,47,0.988804192472606,1.0041012105527005
22,63,48,0.9885659838018104,0.9903766516693723
22,63,49,0.9883277751310148,0.9826487072223693
22,63,50,0.9880895664602192,0.9985716042041352
23,64,0,1.0,1.0
23,64,1,0.9997617913292044,1.0149621958068902
23,64,2,0.9995235826584088,1.0062778683660476
23,64,3,0.9992853739876132,1.005190458864645
23,64,4,0.9990471653168176,1.0078263380195926
23,64,5,0.9988089566460219,1.0033502417292917
23,64,6,0.9985707479752263,1.0016998706223328
23,64,7,0.9983325393044307,1.0145196044401141
23,64,8,0.9980943306336351,0.9973764867333217
23,64,9,0.9978561219628395,0.9767882141031095
23,64,10,0.9976179132920439,1.003582183372777
23,64,11,0.9973797046212483,0.9886152958565415
23,64,12,0.9971414959504526,1.0005332559733107
23,64,13,0.9969032872796569,1.0150931235712934
23,64,14,0.9966650786088613,0.9832539267101438
23,64,15,0.9964268699380657,1.002116468496077
23,64,16,0.9961886612672701,1.007272537283831
23,64,17,0.9959504525964745,1.003509089968756
23,64,18,0.9957122439256789,0.9920061216831542
23,64,19,0.9954740352548833,0.9996429763446582
23,64,20,0.9952358265840877,1.0093324179324004
23,64,21,0.994997617913292,1.0077850933853698
23,64,22,0.9947594092424964,1.012160521518975
23,64,23,0.9945212005717008,1.0130595220944634
23,64,24,0.9942829919009052,1.0160416364102034
23,64,25,0.9940447832301096,0.994656795453253
23,64,26,0.993806574559314,0.99597261506989
23,64,27,0.9935683658885184,0.9932748501146769
23,64,28,0.9933301572177228,1.0103598513669347
23,64,29,0.9930919485469271,1.0046683300204835
23,64,30,0.9928537398761315,0.9980726654452879
23,64,31,0.9926155312053359,1.0019177061820475
23,64,32,0.9923773225345403,1.00196688588741
23,64,33,0.9921391138637446,1.0047612220570876
23,64,34,0.991900905192949,0.9939950486789343
23,64,35,0.9916626965221534,1.0094938927613732
23,64,36,0.9914244878513578,1.0173955785033209
23,64,37,0.9911862791805621,1.0055741219555048
23,64,38,0.9909480705097665,0.996015883416607
23,64,39,0.9907098618389709,1.017372525839334
23,64,40,0.9904716531681753,1.0240324897638249
23,64,41,0.9902334444973797,0.9991037188527041
23,64,42,0.9899952358265841,1.0076279734324114
23,64,43,0.9897570271557885,1.0113887802132235
23,64,44,0.9895188184849929,0.999460288419875
23,64,45,0.9892806098141972,1.004025260623128
23,64,46,0.9890424011434016,0.9965585698126546
23,64,47,0.988804192472606,1.00249874723956
23,64,48,0.9885659838018104,0.995814686500835
23,64,49,0.9883277751310148,0.9948784514540812
23,64,50,0.9880895664602192,1.0053008555142193
24,65,0,1.0,1.0
24,65,1,0.9997617913292044,0.9869253127739135
24,65,2,0.9995235826584088,0.9925862367890982
24,65,3,0.9992853739876132,0.9888595934173628
24,65,4,0.9990471653168176,0.9904950736499624
24,65,5,0.9988089566460219,0.9962925141521313
24,65,6,0.9985707479752263,0.9797673204655821
24,65,7,0.9983325393044307,0.9807381049699022
24,65,8,0.9980943306336351,0.9685826217464047
24,65,9,0.9978561219628395,0.9870589428569413
24,65,10,0.9976179132920439,0.968210444885435
24,65,11,0.9973797046212483,0.9833746621767232
24,65,12,0.9971414959504526,0.9958840338194789
24,65,13,0.9969032872796569,0.9639500870969375
24,65,14,0.9966650786088613,0.9811449106794136
24,65,15,0.9964268699380657,0.9887341774972409
24,65,16,0.9961886612672701,0.9963769529843345
24,65,17,0.9959504525964745,0.9919812415907757
24,65,18,0.9957122439256789,0.9798093057008462
24,65,19,0.9954740352548833,0.9871384985596334
24,65,20,0.9952358265840877,0.98661828762835
24,65,21,0.994997617913292,1.0008376948854856
24,65,22,0.9947594092424964,0.9936360828055759
24,65,23,0.9945212005717008,0.9918650725376881
24,65,24,0.9942829919009052,0.9913783081070896
24,65,25,0.9940447832301096,0.9784010880591761
24,65,26,0.993806574559314,0.9919100050847915
24,65,27,0.9935683658885184,1.0008545900554193
24,65,28,0.9933301572177228,0.992213609772093
24,65,29,0.9930919485469271,0.9708803586811395
24,65,30,0.9928537398761315,0.9943353919351793
24,65,31,0.9926155312053359,0.9673460439301638
24,65,32,0.9923773225345403,0.9774210585826834
24,65,33,0.9921391138637446,0.9838682514587979
24,65,34,0.991900905192949,0.9925786174073306
24,65,35,0.9916626965221534,1.003574797464632
24,65,36,0.9914244878513578,0.9898628016590398
24,65,37,0.9911862791805621,0.9739993094348347
24,65,38,0.9909480705097665,1.002796837407164
24,65,39,0.9907098618389709,0.9960080259149662
24,65,40,0.9904716531681753,0.9975971589255066
24,65,41,0.9902334444973797,0.9907228508142389
24,65,42,0.9899952358265841,1.0003567070049182
24,65,43,0.9897570271557885,0.9907738696923544
24,65,44,0.9895188184849929,0.9960783375001435
24,65,45,0.9892806098141972,0.9807265012406438
24,65,46,0.9890424011434016,0.9730818566783325
24,65,47,0.988804192472606,0.9724361422520147
24,65,48,0.9885659838018104,0.9965953476932347
24,65,49,0.9883277751310148,0.9789332137952811
24,65,50,0.9880895664602192,0.975911510061958
25,66,0,1.0,1.0
25,66,1,0.9997617913292044,0.9966465665355823
25,66,2,0.9995235826584088,0.9968691889116402
25,66,3,0.9992853739876132,0.999886122605786
25,66,4,0.9990471653168176,1.0018148139168048
25,66,5,0.9988089566460219,0.9857182754301081
25,66,6,0.9985707479752263,0.9861814879834067
25,66,7,0.9983325393044307,0.9755270216691162
25,66,8,0.9980943306336351,0.9995436732344367
25,66,9,0.9978561219628395,0.9829845149779456
25,66,10,0.9976179132920439,0.9901918412728091
25,66,11,0.9973797046212483,0.9940697696132021
25,66,12,0.9971414959504526,0.9692160986950237
25,66,13,0.9969032872796569,0.9874020700193222
25,66,14,0.9966650786088613,0.9999032559715254
25,66,15,0.9964268699380657,1.00544890066546
25,66,16,0.9961886612672701,0.998795924266588
25,66,17,0.9959504525964745,0.9946444737055999
25,66,18,0.9957122439256789,1.0004702862155659
25,66,19,0.9954740352548833,0.9846172924032163
25,66,20,0.9952358265840877,0.9980482272496508
25,66,21,0.994997617913292,1.0000268060590294
25,66,22,0.9947594092424964,0.9900830657840195
25,66,23,0.9945212005717008,1.0037610600790345
25,66,24,0.9942829919009052,0.9774213960576531
25,66,25,0.9940447832301096,0.9909285599302728
25,66,26,0.993806574559314,1.0019653662339147
25,66,27,0.9935683658885184,1.0057180185789363
25,66,28,0.9933301572177228,0.9843503537032328
25,66,29,0.9930919485469271,1.0064213621467808
25,66,30,0.9928537398761315,0.9780594496353411
25,66,31,0.9926155312053359,0.9878184796835487
25,66,32,0.9923773225345403,0.9920678570011214
25,66,33,0.9921391138637446,1.0015915583153947
25,66,34,0.991900905192949,1.003923399537319
25,66,35,0.9916626965221534,0.9979362772320142
25,66,36,0.9914244878513578,0.9957012829143249
25,66,37,0.9911862791805621,1.0140869135778732
25,66,38,0.9909480705097665,1.0060224559973658
25,66,39,0.9907098618389709,1.0027548060318017
25,66,40,0.9904716531681753,1.0047186113243731
25,66,41,0.9902334444973797,1.0063894967208347
25,66,42,0.9899952358265841,1.0055995019019395
25,66,43,0.9897570271557885,0.9997250614472863
25,66,44,0.9895188184849929,0.9905142367968136
25,66,45,0.9892806098141972,0.9832212138323769
25,66,46,0.9890424011434016,0.9909582363997627
25,66,47,0.988804192472606,0.9930446762928768
25,66,48,0.9885659838018104,0.9898188217415104
25,66,49,0.9883277751310148,0.9878887672283778
25,66,50,0.9880895664602192,0.9892407036722718
26,67,0,1.0,1.0
26,67,1,0.9997617913292044,0.9914435083083526
26,67,2,0.9995235826584088,1.0009701622047729
26,67,3,0.9992853739876132,0.999776142489062
26,67,4,0.9990471653168176,0.9978632103956977
26,67,5,0.9988089566460219,1.0016859287334274
26,67,6,0.9985707479752263,0.9854983468285448
26,67,7,0.9983325393044307,1.004879558066311
26,67,8,0.9980943306336351,0.9877983501171739
26,67,9,0.9978561219628395,0.9970368861066874
26,67,10,0.9976179132920439,1.0059225686413378
26,67,11,0.9973797046212483,0.9777070884789798
26,67,12,0.9971414959504526,0.9986601022313738
26,67,13,0.9969032872796569,0.9964261794657211
26,67,14,0.9966650786088613,1.0000242622641808
26,67,15,0.9964268699380657,0.9959253491991169
26,67,16,0.9961886612672701,0.987938090557596
26,67,17,0.9959504525964745,0.9976519658038941
26,67,18,0.9957122439256789,0.9939385170074784
26,67,19,0.9954740352548833,0.9932676223181662
26,67,20,0.9952358265840877,0.995254738560007
26,67,21,0.994997617913292,0.9893091061917485
26,67,22,0.9947594092424964,0.9896736879884798
26,67,23,0.9945212005717008,0.9981584970029109
26,67,24,0.9942829919009052,0.9898943602081437
26,67,25,0.9940447832301096,1.000950313125864
26,67,26,0.993806574559314,1.0078690615232122
26,67,27,0.9935683658885184,0.9868066260812849
26,67,28,0.9933301572177228,0.9934394842076142
26,67,29,0.9930919485469271,0.9707048320340717
26,67,30,0.9928537398761315,0.9849170866681759
26,67,31,0.9926155312053359,0.9980093333197317
26,67,32,0.9923773225345403,1.00109829282354
26,67,33,0.9921391138637446,1.0176307170843888
26,67,34,0.991900905192949,1.0088117154701737
26,67,35,0.9916626965221534,0.9901214776788272
26,67,36,0.9914244878513578,1.0109061678094557
26,67,37,0.9911862791805621,1.0061160576066492
26,67,38,0.9909480705097665,1.0058134772341771
26,67,39,0.9907098618389709,0.9967835556400918
26,67,40,0.9904716531681753,1.0064240112080147
26,67,41,0.9902334444973797,0.9968830588956288
26,67,42,0.9897570271557885,1.0118025156248043
26,67,43,0.9895188184849929,0.993832010952082
26,67,44,0.9892806098141972,0.9768898974510096
26,67,45,0.9890424011434016,0.9796430076459182
26,67,46,0.988804192472606,0.9896800960131596
26,67,47,0.9885659838018104,0.9902086950791056
26,67,48,0.9883277751310148,0.9929974109549619
26,67,49,0.9880895664602192,0.9864811683860711
26,67,50,0.9878513577894236,0.9944101898253281
27,68,0,1.0,1.0
27,68,1,0.9997617913292044,1.0096099832483416
27,68,2,0.9995235826584088,1.0103019964728182
27,68,3,0.9992853739876132,0.9933769270292103
27,68,4,0.9990471653168176,0.9880155991288732
27,68,5,0.9988089566460219,0.9782416922446692
27,68,6,0.9985707479752263,1.0100296787678364
27,68,7,0.9983325393044307,1.0016807174854774
27,68,8,0.9980943306336351,0.993226354507038
27,68,9,0.9978561219628395,1.0086759998456498
27,68,10,0.9976179132920439,0.9755726363017277
27,68,11,0.9973797046212483,0.9934757211299654
27,68,12,0.9971414959504526,1.0037445915353747
27,68,13,0.9969032872796569,1.0102793517400168
27,68,14,0.9966650786088613,0.9920599505544963
27,68,15,0.9964268699380657,1.0006626120000377
27,68,16,0.9961886612672701,0.9896020855281273
27,68,17,0.9959504525964745,1.0040630353766022
27,68,18,0.9957122439256789,0.9996721847105172
27,68,19,0.9954740352548833,0.9968025117784916
27,68,20,0.9952358265840877,0.9914045624181385
27,68,21,0.994997617913292,1.0045591038994095
27,68,22,0.9947594092424964,0.9932739544631171
27,68,23,0.9945212005717008,0.9906268134224295
27,68,24,0.9942829919009052,0.9992133535159844
27,68,25,0.9940447832301096,1.0178257391505625
27,68,26,0.993806574559314,0.9938772014937246
27,68,27,0.9935683658885184,1.0011828023988127
27,68,28,0.9933301572177228,0.9854745422983014
27,68,29,0.9930919485469271,1.0021512631745333
27,68,30,0.9928537398761315,1.0004079749697061
27,68,31,0.9926155312053359,1.0008530450540944
27,68,32,0.9923773225345403,1.018131939540681
27,68,33,0.9921391138637446,1.0166460206380683
27,68,34,0.991900905192949,0.9950666743268912
27,68,35,0.9916626965221534,1.0205196579255007
27,68,36,0.9914244878513578,1.015844065438922
27,68,37,0.9911862791805621,1.0065397717562348
27,68,38,0.9909480705097665,0.9927159205951694
27,68,39,0.9907098618389709,1.0198633028140007
27,68,40,0.9904716531681753,1.0087656803308598
27,68,41,0.9902334444973797,1.0024748052815107
27,68,42,0.9899952358265841,1.003604874899953
27,68,43,0.9897570271557885,0.9807157722777949
27,68,44,0.9895188184849929,0.9845382704177318
27,68,45,0.9892806098141972,1.0090428358631525
27,68,46,0.9890424011434016,0.9898150801835714
27,68,47,0.988804192472606,0.9900794239490558
27,68,48,0.9885659838018104,0.9961006581075079
27,68,49,0.9883277751310148,1.006041113975018
27,68,50,0.9880895664602192,0.9891901134646516
28,69,0,1.0,1.0
28,69,1,0.9997617913292044,1.0080182565955087
28,69,2,0.9995235826584088,0.9958664047531826
28,69,3,0.9992853739876132,0.9840546279136028
28,69,4,0.9990471653168176,0.9778897411887462
28,69,5,0.9988089566460219,0.9907772614480904
28,69,6,0.9985707479752263,0.9839744254540919
28,69,7,0.9983325393044307,0.9953050234111825
28,69,8,0.9980943306336351,1.0157084077305492
28,69,9,0.9978561219628395,0.971315869844661
28,69,10,0.9976179132920439,0.9818571974331626
28,69,11,0.9973797046212483,0.995005252610591
28,69,12,0.9971414959504526,0.9971408732018306
28,69,13,0.9969032872796569,0.9972503769109232
28,69,14,0.9966650786088613,0.9873223647381969
28,69,15,0.9964268699380657,0.9961168236520926
28,69,16,0.9961886612672701,0.9915417469854166
28,69,17,0.9959504525964745,0.9922382434079101
28,69,18,0.9957122439256789,0.9941966717505362
28,69,19,0.9954740352548833,0.9865629940047158
28,69,20,0.9952358265840877,0.9981078614804436
28,69,21,0.994997617913292,0.9944727567214553
28,69,22,0.9947594092424964,0.9896577754729285
28,69,23,0.9945212005717008,1.0026643224657121
28,69,24,0.9942829919009052,0.9958195834165926
28,69,25,0.9940447832301096,0.9895902758980069
28,69,26,0.993806574559314,0.9888127498332876
28,69,27,0.9935683658885184,0.9741940216344838
28,69,28,0.9933301572177228,0.9903169835652239
28,69,29,0.9930919485469271,0.991426223686315
28,69,30,0.9928537398761315,1.0027248190320124
28,69,31,0.9926155312053359,1.0090914077467175
28,69,32,0.9923773225345403,1.0071635134266577
28,69,33,0.9921391138637446,0.9794960408134282
28,69,34,0.991900905192949,0.9999147806769668
28,69,35,0.9916626965221534,1.0139260526893676
28,69,36,0.9914244878513578,1.0038625689859277
28,69,37,0.9911862791805621,0.9866696238463152
28,69,38,0.9909480705097665,1.0089177508224942
28,69,39,0.9907098618389709,0.9999800407291486
28,69,40,0.9904716531681753,1.019433799683242
28,69,41,0.9902334444973797,0.9836843966441465
28,69,42,0.9899952358265841,0.9718555572345987
28,69,43,0.9897570271557885,0.9793538807739794
28,69,44,0.9895188184849929,1.002848170309137
28,69,45,0.9892806098141972,0.9680266680358539
28,69,46,0.9890424011434016,0.995452539342489
28,69,47,0.988804192472606,0.9906533003362188
28,69,48,0.9885659838018104,1.0085196509259842
28,69,49,0.9883277751310148,1.0064184657491808
28,69,50,0.9880895664602192,1.0006875481817803
29,70,0,1.0,1.0
29,70,1,0.9997617913292044,0.9809337529760607
29,70,2,0.9995235826584088,0.973829940397332
29,70,3,0.9992853739876132,0.9683994478878502
29,70,4,0.9990471653168176,0.9851037574564487
29,70,5,0.9988089566460219,0.9865627921814284
29,70,6,0.9985707479752263,0.991231239250882
29,70,7,0.9983325393044307,0.9851485255501068
29,70,8,0.9980943306336351,0.9712651823075376
29,70,9,0.9978561219628395,0.9768745322456812
29,70,10,0.9976179132920439,0.9904966039275959
29,70,11,0.9973797046212483,0.9990871839402248
29,70,12,0.9971414959504526,0.993620012037782
29,70,13,0.9969032872796569,0.9697005335231776
29,70,14,0.9966650786088613,0.9869803885033052
29,70,15,0.9964268699380657,0.9905083225724155
29,70,16,0.9961886612672701,0.9942670243771691
29,70,17,0.9959504525964745,0.9892289416477568
29,70,18,0.9957122439256789,0.974441980874505
29,70,19,0.9954740352548833,0.9835463919243752
29,70,20,0.9952358265840877,0.9786231612444464
29,70,21,0.994997617913292,0.9731018014788666
29,70,22,0.9947594092424964,0.9937910912776522
29,70,23,0.9945212005717008,1.0001479411011478
29,70,24,0.9942829919009052,0.9853036331536543
29,70,25,0.9940447832301096,0.9919109555651967
29,70,26,0.993806574559314,0.971245180745083
29,70,27,0.9935683658885184,0.9810946344415782
29,70,28,0.9933301572177228,0.9835497736630799
29,70,29,0.9930919485469271,0.9923862576336093
29,70,30,0.9928537398761315,1.00841298031051
29,70,31,0.9926155312053359,0.9978162537372737
29,70,32,0.9923773225345403,0.9773314420386767
29,70,33,0.9921391138637446,1.0064027173472077
29,70,34,0.991900905192949,0.9914759974149936
29,70,35,0.9916626965221534,0.9793869634618423
29,70,36,0.9914244878513578,0.9778357730331203
29,70,37,0.9911862791805621,1.0027792559145137
29,70,38,0.9909480705097665,0.9878769441980594
29,70,39,0.9907098618389709,0.9932483321399748
29,70,40,0.9904716531681753,0.9799672691909466
29,70,41,0.9902334444973797,0.9773568789140435
29,70,42,0.9899952358265841,0.9746075492426708
29,70,43,0.9897570271557885,0.9984712559772638
29,70,44,0.9895188184849929,0.9725306544386221
29,70,45,0.9892806098141972,0.984274821445361
29,70,46,0.9890424011434016,0.983815005144879
29,70,47,0.988804192472606,1.0034890621358172
29,70,48,0.9885659838018104,0.9901632256403474
29,70,49,0.9883277751310148,0.9864742913111978
29,70,50,0.9880895664602192,1.0051781072328623
30,71,0,1.0,1.0
30,71,1,0.9997617913292044,1.004039105369493
30,71,2,0.9995235826584088,0.9900544544528451
30,71,3,0.9992853739876132,0.9968441895267841
30,71,4,0.9990471653168176,0.9948133495908749
30,71,5,0.9988089566460219,1.012377611896002
30,71,6,0.9985707479752263,1.0174328738537979
30,71,7,0.9983325393044307,0.9883197259442265
30,71,8,0.9980943306336351,0.9901379168622392
30,71,9,0.9978561219628395,1.0143755874253737
30,71,10,0.9976179132920439,1.0182568081612016
30,71,11,0.9973797046212483,1.017009031616276
30,71,12,0.9971414959504526,0.9993349523303638
30,71,13,0.9969032872796569,1.0046389815062173
30,71,14,0.9966650786088613,1.0139837234008406
30,71,15,0.9964268699380657,1.0087597761706844
30,71,16,0.9961886612672701,1.0113023453043408
30,71,17,0.9959504525964745,0.9963482966549744
30,71,18,0.9957122439256789,1.0162114395858843
30,71,19,0.9954740352548833,1.0069959601987881
30,71,20,0.9952358265840877,1.0065808668522411
30,71,21,0.994997617913292,1.020025615276591
30,71,22,0.9947594092424964,1.0146804337693438
30,71,23,0.9945212005717008,1.0065959194378769
30,71,24,0.9942829919009052,1.0120278715973976
30,71,25,0.9940447832301096,0.9959487373064186
30,71,26,0.993806574559314,1.006938913363483
30,71,27,0.9935683658885184,1.0112292952346773
30,71,28,0.9933301572177228,1.0178772270086696
30,71,29,0.9930919485469271,1.0255627311073816
30,71,30,0.9928537398761315,1.0173290641754824
30,71,31,0.9926155312053359,1.0071601266398147
30,71,32,0.9923773225345403,1.0210335448106023
30,71,33,0.9921391138637446,1.027378193941921
30,71,34,0.991900905192949,1.0136146605508762
30,71,35,0.9916626965221534,1.0164847372065415
30,71,36,0.9914244878513578,1.0208659342587134
30,71,37,0.9911862791805621,1.0088801529216227
30,71,38,0.9909480705097665,1.0322421042266297
30,71,39,0.9907098618389709,0.9968643425457869
30,71,40,0.9904716531681753,0.9978953986661608
30,71,41,0.9902334444973797,0.9905505606480742
30,71,42,0.9899952358265841,1.0059760369400776
30,71,43,0.9897570271557885,0.9962065223136475
30,71,44,0.9895188184849929,0.9956201009129376
30,71,45,0.9892806098141972,1.0064694932679794
30,71,46,0.9890424011434016,1.0211595856572497
30,71,47,0.988804192472606,1.0199367777074304
30,71,48,0.9885659838018104,1.020421116284067
30,71,49,0.9883277751310148,1.0192788920967337
30,71,50,0.9880895664602192,1.0162904743931822
